primary_table,is_multi_table,secondary_table,question
ca_tweets,False,,How many tweets are in the ca_tweets table?
ca_tweets,False,,Which user has the highest number of followers?
ca_tweets,False,,What is the most common language used in the tweets?
ca_tweets,False,,What is the average number of followees for users in the ca_tweets table?
ca_tweets,False,,What are the top 5 most frequent locations mentioned in the tweets?
ca_tweets,False,,What is the proportion of tweets sent from iOS devices compared to Android devices?
ca_tweets,False,,Which county in California has the highest number of tweets mentioned?
ca_tweets,False,,What is the most common source of tweets in the ca_tweets table?
ca_tweets,False,,What is the average number of tweet engagements for users who joined before 2015?
ca_tweets,False,,"For tweets containing a specific hashtag, which user has the highest number of followers and what is their location?"
ca_tweets,True,usa_counties,Which county has the highest population in California?
ca_tweets,True,usa_counties,What is the average population density in California counties?
ca_tweets,True,usa_counties,How many tweets are from the county with the highest number of farms in California?
ca_tweets,True,usa_counties,What is the median age of the county with the highest number of tweets in California?
ca_tweets,True,usa_counties,Which California county has the highest percentage of Hispanic population and what is the total number of tweets from that county?
ca_tweets,True,usa_counties,What is the average number of males and females in the counties where the top 5 most frequent tweet locations are?
ca_tweets,True,usa_counties,"In which California county with a population over 500,000 is the highest proportion of tweets sent from iOS devices?"
ca_tweets,True,usa_counties,What is the total number of tweets from counties with a median age above 40 in California?
ca_tweets,True,usa_counties,"Which county has the highest number of owner-occupied housing units in California, and what is the total number of tweets from that county?"
ca_tweets,True,usa_counties,What is the difference in the average number of followers for users who tweet from counties with a population density above 1000 people per square mile compared to those with a population density below 1000 people per square mile in California?
craigslist_vehicles,False,,How many vehicles are listed for sale in the craigslist_vehicles table?
craigslist_vehicles,False,,What is the most common vehicle manufacturer among the listings?
craigslist_vehicles,False,,What is the average price of vehicles listed in the craigslist_vehicles table?
craigslist_vehicles,False,,"What are the top 5 most frequently listed vehicle models, and how many times do they occur in the table?"
craigslist_vehicles,False,,What percentage of vehicles have a clean title status in the craigslist_vehicles table?
craigslist_vehicles,False,,What is the average odometer reading for vehicles with an excellent condition?
craigslist_vehicles,False,,Which state has the highest number of vehicle listings in the craigslist_vehicles table?
craigslist_vehicles,False,,What is the most popular paint color among the listed vehicles?
craigslist_vehicles,False,,"For vehicles with a price below $10,000, which vehicle type is the most common among the listings?"
craigslist_vehicles,False,,"In the craigslist_vehicles table, what is the average price difference between vehicles with a clean title and vehicles with a salvage title?"
craigslist_vehicles,True,usa_counties,What is the average price of vehicles listed in states with a population greater than 1 million?
craigslist_vehicles,True,usa_counties,Which vehicle manufacturer has the highest average listing price in counties with a population density of more than 100 people per square mile?
craigslist_vehicles,True,usa_counties,What is the most common type of fuel for vehicles listed in states with a high proportion of agricultural land (more than 50% of total land area)?
craigslist_vehicles,True,usa_counties,"In states with a median age greater than 40, what is the most common vehicle type listed for sale?"
craigslist_vehicles,True,usa_counties,"What is the average price of vehicles listed in counties with a median household income higher than $60,000?"
craigslist_vehicles,True,usa_counties,"Which state has the highest number of electric vehicles listed for sale, and what is the average price of electric vehicles in that state?"
craigslist_vehicles,True,usa_counties,"In counties where the majority of the population is aged 25-34, what is the most common vehicle manufacturer listed?"
craigslist_vehicles,True,usa_counties,What is the average price of vehicles listed in states with a high proportion of renters (more than 30% of households)?
craigslist_vehicles,True,usa_counties,"For states with a high percentage of Hispanic population (more than 20%), what is the most common paint color among the listed vehicles?"
craigslist_vehicles,True,usa_counties,"In counties with a population density lower than 50 people per square mile, what is the most common type of transmission for listed vehicles?"
nyt_covid_counties_v2,False,,How many counties have reported COVID-related data in the database?
nyt_covid_counties_v2,False,,Which state has the highest number of reported COVID cases?
nyt_covid_counties_v2,False,,What is the highest number of deaths reported in a single county?
nyt_covid_counties_v2,False,,What is the average percentage of the population that has tested positive for COVID across all counties?
nyt_covid_counties_v2,False,,Which county has the highest daily average percentage of the population infected in the last 7 days?
nyt_covid_counties_v2,False,,In which state can we find the county with the highest total mortality percentage due to COVID?
nyt_covid_counties_v2,False,,What is the difference in the total number of cases between the county with the most cases and the county with the least cases?
nyt_covid_counties_v2,False,,Which county had the highest increase in cases between a 1-day lag and a 7-day lag?
nyt_covid_counties_v2,False,,"What is the average daily death percentage of the population infected in the last 7 days for counties with more than 10,000 cases?"
nyt_covid_counties_v2,False,,Are there any counties where the daily cases percentage of the population infected in the last 1 day is greater than the daily cases percentage in the last 7 days?
nyt_covid_counties_v2,True,usa_counties,What is the total population of the counties with the highest and lowest COVID-19 cases?
nyt_covid_counties_v2,True,usa_counties,Which county has the highest percentage of the population infected with COVID-19 and what is its population density?
nyt_covid_counties_v2,True,usa_counties,In which state with a population over 1 million do the counties have the highest average number of COVID-19 cases?
nyt_covid_counties_v2,True,usa_counties,How does the median age of the population in counties with high COVID-19 cases compare to those with low COVID-19 cases?
nyt_covid_counties_v2,True,usa_counties,What is the average population density of the counties with the highest daily average percentage of the population infected in the last 7 days?
nyt_covid_counties_v2,True,usa_counties,Which state has the highest total number of COVID-19 deaths and what is the total population of that state?
nyt_covid_counties_v2,True,usa_counties,What is the difference in the percentage of the population aged 65 and older between counties with the highest and lowest mortality rates due to COVID-19?
nyt_covid_counties_v2,True,usa_counties,"In counties with a high percentage of the population infected with COVID-19, what is the most common race?"
nyt_covid_counties_v2,True,usa_counties,"Which county with a population under 50,000 has the highest daily average percentage of the population infected in the last 7 days?"
nyt_covid_counties_v2,True,usa_counties,Are there any states where the counties with a higher Hispanic population have a lower daily average percentage of the population infected in the last 7 days compared to other counties in the same state?
usa_shipping_ports,False,,How many shipping ports are there in the United States?
usa_shipping_ports,False,,What is the most common waterway for shipping ports?
usa_shipping_ports,False,,Which state has the highest number of shipping ports?
usa_shipping_ports,False,,"What are the top 5 most common states for shipping ports, and how many ports does each state have?"
usa_shipping_ports,False,,What is the average latitude of shipping ports in the state of Florida?
usa_shipping_ports,False,,Which shipping ports are located on the Mississippi River?
usa_shipping_ports,False,,What proportion of shipping ports are connected to the Atlantic Ocean as a secondary waterway?
usa_shipping_ports,False,,Which shipping port has the northernmost location in the United States?
usa_shipping_ports,False,,What is the most common data source used for the shipping ports information?
usa_shipping_ports,False,,"For shipping ports located in Texas, which ones have the Gulf Intracoastal Waterway as their secondary waterway?"
usa_shipping_ports,True,usa_states,Which state has the highest number of shipping ports per square mile?
usa_shipping_ports,True,usa_states,In which sub-region are the most shipping ports located?
usa_shipping_ports,True,usa_states,What is the average population of states with more than 10 shipping ports?
usa_shipping_ports,True,usa_states,"What are the top 5 states with the highest percentage of shipping ports connected to the Atlantic Ocean, and what is the percentage for each state?"
usa_shipping_ports,True,usa_states,Which state has the highest percentage of shipping ports connected to the Gulf Intracoastal Waterway?
usa_shipping_ports,True,usa_states,"In states with a population greater than 10 million, which state has the highest number of shipping ports?"
usa_shipping_ports,True,usa_states,What is the total number of shipping ports in the Pacific sub-region?
usa_shipping_ports,True,usa_states,Which state in the New England sub-region has the highest number of shipping ports?
usa_shipping_ports,True,usa_states,"For states with at least 5 shipping ports, which state has the highest average latitude of its ports?"
usa_shipping_ports,True,usa_states,What is the total number of shipping ports in states with a population density greater than 100 people per square mile?
us_weather_hourly,False,,How many weather stations are there in the us_weather_hourly table?
us_weather_hourly,False,,What is the most common state where weather stations are located?
us_weather_hourly,False,,What is the average temperature (t_hr_avg) for weather stations in Colorado?
us_weather_hourly,False,,Which weather station recorded the highest solar radiation (solarad_max) and in which state is it located?
us_weather_hourly,False,,What are the top 5 highest average humidity (rh_hr_avg) values and their corresponding weather station names?
us_weather_hourly,False,,In which state is the weather station with the highest average soil moisture at 20 cm depth (soil_moisture_20)?
us_weather_hourly,False,,What is the highest recorded surface temperature (sur_temp_max) and at which weather station was it observed?
us_weather_hourly,False,,"Which weather station has the highest average soil temperature at 50 cm depth (soil_temp_50), and in which state is it located?"
us_weather_hourly,False,,What is the total precipitation (sum of p_calc) for weather stations in Arizona during a specific time period?
us_weather_hourly,True,usa_states,Which state has the highest average temperature (t_hr_avg) across all its weather stations?
us_weather_hourly,True,usa_states,In which state was the highest total precipitation (sum of p_calc) observed during a specific time period?
us_weather_hourly,True,usa_states,Which states have the top 5 highest average solar radiation (solarad) values across their weather stations?
us_weather_hourly,True,usa_states,What is the difference in average surface temperature (sur_temp) between the states with the highest and lowest average surface temperature in their weather stations?
us_weather_hourly,True,usa_states,Which state has the highest average soil moisture at 100 cm depth (soil_moisture_100) across all its weather stations?
us_weather_hourly,True,usa_states,In which state do the top 3 weather stations with the highest average humidity (rh_hr_avg) values belong?
us_weather_hourly,True,usa_states,What is the correlation between the population of a state and the average temperature (t_hr_avg) of its weather stations?
us_weather_hourly,True,usa_states,"For each state, what is the average of the difference between the highest and lowest recorded temperatures (t_max and t_min) in its weather stations?"
us_weather_hourly,True,usa_states,Which sub-region has the highest number of weather stations with an average soil temperature at 50 cm depth (soil_temp_50) above a specific threshold?
zillow_recent_sales_full_peninsula,False,,How many properties were recently sold in the Peninsula region?
zillow_recent_sales_full_peninsula,False,,What is the most common city where properties were sold?
zillow_recent_sales_full_peninsula,False,,What is the average sale price of properties in the database?
zillow_recent_sales_full_peninsula,False,,What is the median living area in square feet for sold properties?
zillow_recent_sales_full_peninsula,False,,How many properties have a 3D model available?
zillow_recent_sales_full_peninsula,False,,What is the most common home type among sold properties?
zillow_recent_sales_full_peninsula,False,,How many properties were sold for more than $1 million?
zillow_recent_sales_full_peninsula,False,,What is the average price per square foot for single-family homes in the Peninsula region?
zillow_recent_sales_full_peninsula,False,,Which city has the highest average sale price for recently sold properties?
zillow_recent_sales_full_peninsula,False,,What percentage of recently sold properties are non-owner occupied?
zillow_recent_sales_full_peninsula,True,usa_zipcodes,What is the average population of zip codes where recently sold properties are located?
zillow_recent_sales_full_peninsula,True,usa_zipcodes,What is the total land area of zip codes with at least one recently sold property?
zillow_recent_sales_full_peninsula,True,usa_zipcodes,"Which zip code has the highest average sale price for properties, and what is the population of that zip code?"
zillow_recent_sales_full_peninsula,True,usa_zipcodes,"What is the average sale price of properties in zip codes with a population greater than 10,000?"
zillow_recent_sales_full_peninsula,True,usa_zipcodes,How many single-family homes were sold in zip codes with a land area greater than 50 square miles?
zillow_recent_sales_full_peninsula,True,usa_zipcodes,"In which zip code were the most properties with a 3D model sold, and what is the population of that zip code?"
zillow_recent_sales_full_peninsula,True,usa_zipcodes,"What is the average price per square foot for properties in zip codes with a population density greater than 1,000 people per square mile?"
zillow_recent_sales_full_peninsula,True,usa_zipcodes,"Which zip code has the highest number of recently sold properties, and what is the land area of that zip code?"
zillow_recent_sales_full_peninsula,True,usa_zipcodes,How many properties were sold in zip codes with a population density less than 500 people per square mile?
zillow_recent_sales_full_peninsula,True,usa_zipcodes,"In which zip code were the most non-owner occupied properties sold, and what is the population of that zip code?"
ca_crops,False,,How many crops are there in the California 2014 dataset?
ca_crops,False,,What is the most common crop type grown in California in 2014?
ca_crops,False,,Which county has the largest total acreage of crops in 2014?
ca_crops,False,,What is the average acreage per crop type in the database?
ca_crops,False,,Which crop type has the highest total acreage in California in 2014?
ca_crops,False,,"What are the top 5 counties with the most vineyards in 2014, and how many acres do they occupy?"
ca_crops,False,,"In which county are the most citrus crops grown, and what is the total acreage of citrus crops in that county for 2014?"
ca_crops,False,,What proportion of the total acreage of crops in 2014 is dedicated to deciduous fruits and nuts?
ca_crops,False,,"What is the total acreage of pasture crops in California in 2014, and which county has the highest proportion of pasture crops compared to its overall crop acreage?"
ca_crops,True,usa_counties,"Which county in California had the highest population in 2010, and what was the main crop type grown in that county in 2014?"
ca_crops,True,usa_counties,What is the total acreage of crops in the top 5 most populous counties in California in 2014?
ca_crops,True,usa_counties,"What is the average crop acreage per square mile for each county in California in 2014, and which county has the highest value?"
ca_crops,True,usa_counties,"In which California county with a population greater than 500,000 in 2010 was the highest acreage of almonds grown in 2014?"
ca_crops,True,usa_counties,What is the total acreage of vineyards in California counties with a population density of more than 100 people per square mile in 2010?
ca_crops,True,usa_counties,Which California county with a median age below 35 in 2010 had the highest acreage of citrus crops in 2014?
ca_crops,True,usa_counties,How does the total acreage of deciduous fruits and nuts in 2014 compare between the top 3 California counties with the highest proportion of Hispanic population in 2010?
ca_crops,True,usa_counties,In which California county with the highest percentage of owner-occupied housing units in 2010 was the highest acreage of mixed pasture crops grown in 2014?
ca_crops,True,usa_counties,"What is the total acreage of truck, nursery, and berry crops in California counties with a median household size greater than 3 in 2010?"
florida_parcels_2020,False,,How many counties are represented in the florida_parcels_2020 table?
florida_parcels_2020,False,,What is the most common land use description in the data?
florida_parcels_2020,False,,What is the average land value for single-family properties?
florida_parcels_2020,False,,"What are the top 5 most frequent owner names in the dataset, and how many properties do they own?"
florida_parcels_2020,False,,What proportion of parcels have a homestead exemption?
florida_parcels_2020,False,,Which county has the highest average land value for vacant residential properties?
florida_parcels_2020,False,,"In which year were the most properties sold, and what was the total sale price for that year?"
florida_parcels_2020,False,,What is the total living area (in square feet) for all properties in Miami-Dade County?
florida_parcels_2020,False,,What are the top 3 most common construction classes and their respective average land values?
florida_parcels_2020,False,,"For properties with an exemption, which land use code has the highest average land value?"
florida_parcels_2020,True,usa_zipcodes,What is the average population for each land use description in the florida_parcels_2020 table?
florida_parcels_2020,True,usa_zipcodes,"Which land use description has the highest total land area in square miles, based on zip codes?"
florida_parcels_2020,True,usa_zipcodes,"How many vacant residential properties are there per zip code with a population greater than 20,000?"
florida_parcels_2020,True,usa_zipcodes,"What is the average land value of single-family properties in zip codes with a population less than 10,000?"
florida_parcels_2020,True,usa_zipcodes,"In which zip code with a population greater than 50,000, are the most condominiums located?"
florida_parcels_2020,True,usa_zipcodes,"What is the total number of mobile homes in zip codes with a population less than 5,000?"
florida_parcels_2020,True,usa_zipcodes,"Which zip code has the highest average property value for multi-family properties with fewer than 10 units, and also has a population greater than 30,000?"
florida_parcels_2020,True,usa_zipcodes,"What is the total living area (in square feet) for all properties in zip codes with a population density greater than 1,000 people per square mile?"
florida_parcels_2020,True,usa_zipcodes,"In zip codes with a population greater than 20,000, what is the most common land use code for properties with an exemption?"
florida_parcels_2020,True,usa_zipcodes,"What are the top 3 zip codes with the highest total land value for vacant residential properties, and what are their respective populations?"
airports,False,,How many airports are there in the database?
airports,False,,What is the most common type of airport?
airports,False,,What is the average elevation of airports in North America?
airports,False,,What are the top 5 countries with the highest number of airports?
airports,False,,Which continent has the highest number of heliports?
airports,False,,What percentage of airports offer scheduled services?
airports,False,,What are the top 3 municipalities with the highest number of small airports?
airports,False,,In which iso_region can you find the highest elevated airport?
airports,False,,How many airports have a Wikipedia link associated with them?
airports,False,,Which airport has the longest keyword list?
airports,True,countries,Which country has the highest number of airports?
airports,True,countries,What is the average number of airports per country in Europe?
airports,True,countries,In which country can you find the highest elevated airport?
airports,True,countries,Which countries have more than 50 airports and have a high-income economy?
airports,True,countries,What are the top 3 countries in terms of the number of airports in the Asia-Pacific region?
airports,True,countries,Which country has the highest number of heliports and is part of G7 economies?
airports,True,countries,What is the total number of airports in South American countries with an upper-middle-income economy?
airports,True,countries,"In countries with a population greater than 50 million, which country has the highest number of airports?"
airports,True,countries,Which countries with a low-income economy have more than 20 airports?
airports,True,countries,How many airports are located in countries in the European Union?
world_cities,False,,How many cities are there in the world_cities table?
world_cities,False,,What is the most common country in the world_cities table?
world_cities,False,,What are the top 5 most frequent administrative regions in the world_cities table?
world_cities,False,,What is the average population of cities in the world_cities table?
world_cities,False,,How many cities in the world_cities table are considered primary capitals?
world_cities,False,,Which city has the highest population in the United States?
world_cities,False,,What are the coordinates (latitude and longitude) of the city with the highest population in Germany?
world_cities,False,,In which country does the city with the lowest population exist?
world_cities,False,,How many cities in France are considered minor capitals?
world_cities,False,,"What are the top 3 most populated cities in Brazil, and what are their populations?"
world_cities,True,airports,Which city has the highest number of airports within its municipality?
world_cities,True,airports,What is the average elevation of airports in European cities?
world_cities,True,airports,How many cities in the United States have a scheduled service airport?
world_cities,True,airports,What are the top 3 countries with the most heliports?
world_cities,True,airports,In which city is the highest elevated airport located?
world_cities,True,airports,What is the total number of medium_airport type airports in Brazil?
world_cities,True,airports,"How many airports in Germany have an IATA code, and which city has the most airports with an IATA code?"
world_cities,True,airports,Which primary capital city has the highest number of airports in its municipality?
world_cities,True,airports,What are the names of the airports in the city with the highest population in France?
world_cities,True,airports,"For cities with a population greater than 1 million, which city has the least number of airports?"
movie_details,False,,How many movies are in the movie_details table?
movie_details,False,,What is the most common genre among the movies?
movie_details,False,,Which movie has the highest popularity score?
movie_details,False,,What is the average budget for movies in the database?
movie_details,False,,What are the top 5 production companies with the most movies in the database?
movie_details,False,,"On average, how many production countries are involved in a movie?"
movie_details,False,,"Which movie has the longest runtime, and how long is it?"
movie_details,False,,"What is the average vote_average for movies with a status of ""Released""?"
movie_details,False,,In which year were the most movies released?
movie_details,False,,Which original language has the highest average popularity score?
movie_details,True,countries,What is the average revenue of movies produced in each continent?
movie_details,True,countries,Which country has produced the highest-grossing movie of all time?
movie_details,True,countries,How many movies have been produced by countries with a high income: OECD status?
movie_details,True,countries,"What is the average vote count for movies produced in countries with an economy classified as ""Developed region: G7""?"
movie_details,True,countries,In which subregion are movies with the highest average popularity produced?
movie_details,True,countries,"Which country has produced the most movies in the database, and which continent does it belong to?"
movie_details,True,countries,Are there any correlations between a country's GDP and the average budget of movies produced in that country?
movie_details,True,countries,"What is the total revenue of movies produced in countries with a ""Low income"" income group classification?"
movie_details,True,countries,"Which country with an ""Emerging region: G20"" economy classification has produced the highest number of movies?"
movie_details,True,countries,How many movies have been produced in countries that are part of the European Union?
usa_zipcodes,False,,How many zip codes are there in the dataset?
usa_zipcodes,False,,What is the most common zip code in the dataset?
usa_zipcodes,False,,What is the average land area (in square kilometers) of a zip code in the dataset?
usa_zipcodes,False,,"What are the top 5 zip codes with the largest water area, and what are their corresponding water areas (in square kilometers)?"
usa_zipcodes,False,,What is the total population of all zip codes in the dataset?
usa_zipcodes,False,,"Which zip code has the highest population, and what is its population?"
usa_zipcodes,False,,What is the average population density (people per square kilometer) for each zip code in the dataset?
usa_zipcodes,False,,"What are the top 5 zip codes with the highest population density, and what are their corresponding population densities (people per square kilometer)?"
usa_zipcodes,False,,In which zip code is the point with latitude 42.6760320 and longitude -094.0556745 located?
usa_zipcodes,True,us_pois_safegraph,"What are the top 5 zip codes with the highest number of points of interest (POIs), and how many POIs are in each of those zip codes?"
usa_zipcodes,True,us_pois_safegraph,In which zip code is the Starbucks with the highest latitude located?
usa_zipcodes,True,us_pois_safegraph,"Which city has the highest number of Subways in its zip codes, and what is the total number of Subways in that city?"
usa_zipcodes,True,us_pois_safegraph,"What is the total number of restaurants and other eating places within zip codes that have a population greater than 10,000?"
usa_zipcodes,True,us_pois_safegraph,"What are the top 5 brands with the highest number of locations in zip codes with a population density greater than 1,000 people per square kilometer?"
usa_zipcodes,True,us_pois_safegraph,In which zip code is the point of interest with the longest opening hours on Mondays located?
usa_zipcodes,True,us_pois_safegraph,What are the top 3 categories of points of interest in zip codes with a water area greater than 10 square kilometers?
usa_zipcodes,True,us_pois_safegraph,What is the average number of points of interest per zip code in regions with more than 100 zip codes?
usa_zipcodes,True,us_pois_safegraph,"Which zip code has the highest proportion of synthetic points of interest, and what is the proportion?"
usa_zipcodes,True,us_pois_safegraph,What is the total number of points of interest located within zip codes that include parking lots?
world_cities,False,,What is the total number of cities in the world_cities table?
world_cities,False,,Which country has the highest number of cities in the table?
world_cities,False,,What are the top 5 most common administrative regions in the table?
world_cities,False,,What is the average population of cities in the table?
world_cities,False,,Which city has the largest population?
world_cities,False,,How many capital cities are there in the table?
world_cities,False,,What is the total population of all capital cities in the table?
world_cities,False,,Which country has the most primary capital cities in the table?
world_cities,False,,What are the top 3 countries with the highest average city population?
world_cities,False,,In which administrative region is the city with the highest latitude located?
world_cities,True,us_pois_safegraph,Which city has the highest number of points of interest (POIs) in the US?
world_cities,True,us_pois_safegraph,What are the top 5 brands with the most locations in cities with a population of over 1 million?
world_cities,True,us_pois_safegraph,How many Starbucks locations are there in primary capital cities in the US?
world_cities,True,us_pois_safegraph,What is the average number of POIs per city in California?
world_cities,True,us_pois_safegraph,Which administrative region has the highest number of full-service restaurants?
world_cities,True,us_pois_safegraph,"In which city with a population of over 500,000 can you find the highest number of religious organizations?"
world_cities,True,us_pois_safegraph,"What are the top 3 subcategories of POIs in cities with a population below 100,000 in France?"
world_cities,True,us_pois_safegraph,Which primary capital city has the highest number of automotive repair and maintenance locations?
world_cities,True,us_pois_safegraph,How many points of interest are located within a 10 km radius of a given city's coordinates?
world_cities,True,us_pois_safegraph,What is the total number of POIs belonging to the top 10 most common brands in Germany?
usa_census_block_groups_2020,False,,How many total census block groups are there in the dataset?
usa_census_block_groups_2020,False,,What is the most common state FIPS code in the dataset?
usa_census_block_groups_2020,False,,What is the average population per square mile for the census block groups in the dataset?
usa_census_block_groups_2020,False,,What percentage of the population is Hispanic in the census block groups?
usa_census_block_groups_2020,False,,Which census block group has the highest percentage of Asian population?
usa_census_block_groups_2020,False,,Which census block group has the lowest median age among its population?
usa_census_block_groups_2020,False,,What is the average household size for census block groups where the vacancy rate is greater than 10%?
usa_census_block_groups_2020,False,,"In census block groups with more than 1,000 housing units, what is the ratio of owner-occupied to renter-occupied units?"
usa_census_block_groups_2020,False,,Which census block group has the largest area in square miles?
usa_census_block_groups_2020,False,,"What are the top 5 census block groups with the highest population density, and what are their respective population densities?"
usa_census_block_groups_2020,True,usa_states,In which state is the census block group with the highest population density located?
usa_census_block_groups_2020,True,usa_states,What is the average population density of census block groups in each state?
usa_census_block_groups_2020,True,usa_states,Which state has the highest median age across all its census block groups?
usa_census_block_groups_2020,True,usa_states,How many census block groups are located in each sub-region?
usa_census_block_groups_2020,True,usa_states,"What is the total population of each state, calculated by summing the population of its census block groups?"
usa_census_block_groups_2020,True,usa_states,Which state has the highest percentage of vacant housing units across all its census block groups?
usa_census_block_groups_2020,True,usa_states,In which state is the census block group with the largest area located?
usa_census_block_groups_2020,True,usa_states,Which state has the highest average household size across all its census block groups?
usa_census_block_groups_2020,True,usa_states,"What are the top 5 states with the highest percentage of Hispanic population, based on their census block groups?"
usa_census_block_groups_2020,True,usa_states,"What is the total number of Asian population in each state, calculated by summing the Asian population of its census block groups?"
usa_counties,False,,What is the total population of the counties in the United States?
usa_counties,False,,Which state has the highest number of counties?
usa_counties,False,,What are the five most populated counties in the United States?
usa_counties,False,,What is the average population per square mile for all counties in Texas?
usa_counties,False,,Which county has the highest percentage of Hispanic population?
usa_counties,False,,What are the top five states with the highest average median age of their counties?
usa_counties,False,,In which county is the median age of females the highest?
usa_counties,False,,How many counties have a higher percentage of males than females?
usa_counties,False,,What is the average household size for all counties in Georgia?
usa_counties,False,,Which county has the highest number of vacant housing units?
usa_counties,False,,What are the top three counties with the highest average farm size in 2017?
usa_counties,False,,"Which state has the highest total crop acreage in 2017, based on its counties?"
usa_counties,True,usa_census_block_groups_2020,What is the total population difference between the 2010 and 2012 census data for each county?
usa_counties,True,usa_census_block_groups_2020,Which county has the highest average population density in 2010 based on its census block groups?
usa_counties,True,usa_census_block_groups_2020,In which state is there the largest discrepancy between the total population in the usa_counties table and the sum of populations in the usa_census_block_groups_2020 table for 2010?
usa_counties,True,usa_census_block_groups_2020,"What are the top five counties with the highest percentage of vacant housing units, considering both tables?"
usa_counties,True,usa_census_block_groups_2020,"For each county, what is the difference between the median age of the residents in the usa_counties table and the average median age in the usa_census_block_groups_2020 table?"
usa_counties,True,usa_census_block_groups_2020,Which county has the largest population of males aged 20-24 in both tables combined?
usa_counties,True,usa_census_block_groups_2020,"In which state do the counties have the highest average percentage of owner-occupied housing units, based on data from both tables?"
usa_counties,True,usa_census_block_groups_2020,"What are the top three counties with the largest total area, considering the combined data from both tables?"
usa_counties,True,usa_census_block_groups_2020,Which county has the highest average household size when considering both the usa_counties and usa_census_block_groups_2020 tables?
countries,False,,How many countries are there in the database?
countries,False,,What is the most common income group among the countries?
countries,False,,What are the top 5 most populous countries?
countries,False,,What is the average GDP per capita for countries in each income group?
countries,False,,Which country has the highest GDP in the lower-middle-income category?
countries,False,,What are the 5 smallest countries in terms of land area?
countries,False,,Which countries have not had a census since 2000?
countries,False,,Which region has the highest total population?
countries,False,,What percentage of countries in Europe are considered high income: OECD?
countries,False,,What are the top 3 economies in the Asia region by GDP?
countries,True,firewall_in,Which country has the highest number of blocked firewall events?
countries,True,firewall_in,What are the top 3 cities with the most blocked firewall events originating from them?
countries,True,firewall_in,In which continent do most blocked firewall events originate?
countries,True,firewall_in,What is the average number of blocked firewall events per country in Europe?
countries,True,firewall_in,Which country has the highest ratio of blocked to passed firewall events?
countries,True,firewall_in,How many unique source IPs are associated with blocked firewall events from countries with a high income: OECD status?
countries,True,firewall_in,What proportion of blocked firewall events originate from countries with a low-income status?
countries,True,firewall_in,What are the top 5 countries with the highest number of blocked firewall events targeting port 80 (HTTP)?
countries,True,firewall_in,Which country has the highest number of blocked firewall events with the TCP protocol?
countries,True,firewall_in,"In North America, what are the top 3 cities with the highest number of blocked firewall events?"
ca_tweets,False,,How many tweets are there in the California region?
ca_tweets,False,,What is the most common language used in the tweets?
ca_tweets,False,,What is the average number of followers for users in the dataset?
ca_tweets,False,,Which user has the highest number of tweets in the dataset?
ca_tweets,False,,What are the top 5 most common sources of tweets?
ca_tweets,False,,What is the most common county in California for tweets in the dataset?
ca_tweets,False,,In which month of the year were the most tweets sent?
ca_tweets,False,,What proportion of tweets are sent from iOS devices compared to Android devices?
ca_tweets,False,,What are the top 5 most frequently used hashtags in the California region?
ca_tweets,False,,"For users with more than 1000 followers, which user has the highest ratio of followers to followees?"
ca_tweets,True,usa_zipcodes,What is the total population in the zip codes where the tweets are located?
ca_tweets,True,usa_zipcodes,Which zip code has the highest number of tweets in the dataset?
ca_tweets,True,usa_zipcodes,"What are the top 5 zip codes with the highest average tweet engagement (likes, retweets, replies)?"
ca_tweets,True,usa_zipcodes,In which zip codes are tweets predominantly in Spanish?
ca_tweets,True,usa_zipcodes,What is the average number of followers for users in the zip code with the highest population?
ca_tweets,True,usa_zipcodes,Which zip code has the largest land area and also contains tweets in the dataset?
ca_tweets,True,usa_zipcodes,What are the top 3 most common sources of tweets in the zip code with the lowest population?
ca_tweets,True,usa_zipcodes,"For zip codes with more than 10,000 residents, which zip code has the highest ratio of tweets per capita?"
ca_tweets,True,usa_zipcodes,In which zip codes are tweets predominantly sent from iOS devices compared to Android devices?
ca_tweets,True,usa_zipcodes,Which zip code has the highest number of distinct users who tweeted using the hashtag #California?
ca_tweets,False,,How many tweets are in the ca_tweets table?
ca_tweets,False,,What is the most common language of tweets in the dataset?
ca_tweets,False,,What is the average number of followers for users in the dataset?
ca_tweets,False,,What are the top 5 most common sources of tweets in the dataset?
ca_tweets,False,,Which county in California has the highest number of tweets?
ca_tweets,False,,What is the proportion of tweets coming from iOS devices compared to Android devices?
ca_tweets,False,,What are the top 3 most common hashtags used in the dataset?
ca_tweets,False,,What is the average tweet engagement (tweet_count) for users who joined Twitter before 2015?
ca_tweets,False,,Which city in California has the highest number of tweets in English?
ca_tweets,False,,"For users with more than 1000 followers, what is the most common app source for tweeting?"
ca_tweets,True,usa_census_block_groups_2020,What is the average population density (per square mile) for census block groups in California?
ca_tweets,True,usa_census_block_groups_2020,Which census block group in California has the highest percentage of Hispanic population?
ca_tweets,True,usa_census_block_groups_2020,What is the median age difference between males and females in census block groups within Los Angeles County?
ca_tweets,True,usa_census_block_groups_2020,In which California county is the census block group with the highest number of vacant housing units located?
ca_tweets,True,usa_census_block_groups_2020,Which census block group has the highest proportion of Asian population in San Francisco County?
ca_tweets,True,usa_census_block_groups_2020,What is the average household size for census block groups in California with a tweet density higher than 10 tweets per square mile?
ca_tweets,True,usa_census_block_groups_2020,In which census block group in San Diego County are the most tweets originating from Android devices?
ca_tweets,True,usa_census_block_groups_2020,What is the correlation between the percentage of owner-occupied housing units and the number of tweets in each census block group in California?
ca_tweets,True,usa_census_block_groups_2020,Which census block group has the highest proportion of tweets in Spanish within Orange County?
ca_tweets,True,usa_census_block_groups_2020,What is the average number of followers for users who tweeted from census block groups with more than 50% Black population in California?
cell_towers_us,False,,How many cell towers are there in the database?
cell_towers_us,False,,What is the most common radio technology used by cell towers?
cell_towers_us,False,,Which mobile country code (MCC) has the highest number of cell towers?
cell_towers_us,False,,What is the average range of cell towers in the United States?
cell_towers_us,False,,Which radio technology has the highest average signal strength?
cell_towers_us,False,,"How many cell towers were created before a specific date, such as January 1, 2018?"
cell_towers_us,False,,In which area are the majority of cell towers located?
cell_towers_us,False,,What is the current total number of samples taken from all cell towers?
cell_towers_us,False,,Which network (net) has the highest number of cell towers using LTE technology?
cell_towers_us,False,,"For cell towers with more than a specific number of samples, such as 100, what is the average range?"
cell_towers_us,True,usa_zipcodes,Which ZIP code has the highest number of cell towers within its boundaries?
cell_towers_us,True,usa_zipcodes,"What is the average signal strength of cell towers located in a specific ZIP code, such as 71238?"
cell_towers_us,True,usa_zipcodes,In which ZIP code area is the highest average signal strength for LTE cell towers found?
cell_towers_us,True,usa_zipcodes,What is the total population covered by cell towers using CDMA technology?
cell_towers_us,True,usa_zipcodes,"How many cell towers are located within a specific distance, such as 1 mile, from the centroid of a ZIP code?"
cell_towers_us,True,usa_zipcodes,Which radio technology is most common within the top 5 most populous ZIP codes?
cell_towers_us,True,usa_zipcodes,"What is the average range of cell towers in ZIP codes with a population greater than a specific threshold, such as 10,000?"
cell_towers_us,True,usa_zipcodes,"How many cell towers using LTE technology are located in ZIP codes with a population less than a specific threshold, such as 5,000?"
cell_towers_us,True,usa_zipcodes,"What is the average number of cell towers per square mile in ZIP codes with a population density greater than a certain threshold, such as 1,000 people per square mile?"
cell_towers_us,True,usa_zipcodes,"Which network (net) has the highest number of cell towers in ZIP codes with a population greater than a specific threshold, such as 20,000?"
cell_towers_world,False,,How many cell towers are there in the database?
cell_towers_world,False,,What is the most common radio type used by cell towers?
cell_towers_world,False,,Which Mobile Country Code (MCC) has the highest number of cell towers?
cell_towers_world,False,,What is the average range of cell towers for each radio type?
cell_towers_world,False,,"What are the top 5 areas with the highest number of cell towers, and how many cell towers are there in each area?"
cell_towers_world,False,,What percentage of cell towers have a changeable status?
cell_towers_world,False,,"Which cell tower has the greatest range, and where is it located (latitude and longitude)?"
cell_towers_world,False,,"On average, how many samples are collected from cell towers using the GSM radio type?"
cell_towers_world,False,,In which year were the majority of cell towers created?
cell_towers_world,False,,"What is the average signal strength for cell towers in a specific MCC, such as 208?"
cell_towers_world,True,world_cities,Which city has the highest number of cell towers within its boundaries?
cell_towers_world,True,world_cities,What is the average signal strength of cell towers located in capital cities?
cell_towers_world,True,world_cities,In which country are cell towers with the highest average range located?
cell_towers_world,True,world_cities,"How many cell towers are there within a 10 km radius of a specific city, such as Washington?"
cell_towers_world,True,world_cities,What is the total population of cities that have more than 100 cell towers within their boundaries?
cell_towers_world,True,world_cities,Which city has the highest density of cell towers (number of cell towers per square kilometer)?
cell_towers_world,True,world_cities,What is the average range of cell towers in cities with a population greater than 1 million?
cell_towers_world,True,world_cities,Which admin_name has the highest number of cell towers using the LTE radio type?
cell_towers_world,True,world_cities,"In capital cities, what radio type is most commonly used by cell towers?"
cell_towers_world,True,world_cities,Are cell towers with higher signal strength more likely to be located in urban or rural areas?
aishub_2021_06_16,False,,How many vessels are recorded in the dataset?
aishub_2021_06_16,False,,What is the most common vessel type?
aishub_2021_06_16,False,,What is the average speed of all vessels?
aishub_2021_06_16,False,,What is the most common destination for vessels?
aishub_2021_06_16,False,,Which vessel has the longest combined bow and stern meters?
aishub_2021_06_16,False,,What is the average course over ground for vessels with a speed over 5 knots?
aishub_2021_06_16,False,,"What are the top 5 most common device types, and how many times do they occur?"
aishub_2021_06_16,False,,Which vessels have an ETA within the next 24 hours?
aishub_2021_06_16,False,,How many vessels have a position accuracy of 5 or better?
aishub_2021_06_16,False,,In which geographic region are the majority of vessels located based on their latitude and longitude?
aishub_2021_06_16,True,usa_shipping_ports,How many vessels are located near a USA shipping port within a distance of 10 kilometers?
aishub_2021_06_16,True,usa_shipping_ports,What is the most common vessel type near the Mississippi River ports?
aishub_2021_06_16,True,usa_shipping_ports,Which USA shipping port has the highest number of vessels within a 5-kilometer radius?
aishub_2021_06_16,True,usa_shipping_ports,What is the average speed of vessels near Gulf Intercoastal Waterway ports?
aishub_2021_06_16,True,usa_shipping_ports,How many vessels have a destination that matches the name of a USA shipping port?
aishub_2021_06_16,True,usa_shipping_ports,What proportion of vessels with a position accuracy of 5 or better are located near Atlantic Ocean ports?
aishub_2021_06_16,True,usa_shipping_ports,Which state has the highest number of vessels within a 15-kilometer radius of its shipping ports?
aishub_2021_06_16,True,usa_shipping_ports,What are the top 3 most common destinations for vessels located near Lake Michigan ports?
aishub_2021_06_16,True,usa_shipping_ports,How many vessels with a device type of 10 are within a 10-kilometer radius of Pacific Ocean ports?
aishub_2021_06_16,True,usa_shipping_ports,"In which waterway are the majority of vessels with a speed over 5 knots located, based on their proximity to USA shipping ports?"
aishub_2021_06_16,False,,What is the total number of vessels in the dataset?
aishub_2021_06_16,False,,Which vessel has the highest speed_over_ground value?
aishub_2021_06_16,False,,What is the most common destination for vessels in the dataset?
aishub_2021_06_16,False,,What is the average vessel speed_over_ground for vessels heading to Amsterdam?
aishub_2021_06_16,False,,Which vessel types have an average speed_over_ground greater than 5 knots?
aishub_2021_06_16,False,,What proportion of vessels have a position_accuracy of 0?
aishub_2021_06_16,False,,What are the top 3 most common vessel names in the dataset?
aishub_2021_06_16,False,,Which vessels have a destination of Rotterdam and an ETA within the next 24 hours?
aishub_2021_06_16,False,,What is the average vessel length (sum of bow_meters and stern_meters) for each vessel type?
aishub_2021_06_16,False,,In which two-hour time window were the most vessel movements recorded?
aishub_2021_06_16,True,countries,What is the average speed_over_ground for vessels in each continent?
aishub_2021_06_16,True,countries,Which country has the highest number of vessels within its borders?
aishub_2021_06_16,True,countries,What is the total number of vessels in European countries compared to North American countries?
aishub_2021_06_16,True,countries,Which countries have the most vessels with a speed_over_ground greater than 15 knots?
aishub_2021_06_16,True,countries,In which subregion are vessels traveling at the highest average speed_over_ground?
aishub_2021_06_16,True,countries,What are the top 5 destination countries for vessels in the dataset?
aishub_2021_06_16,True,countries,Which country has the largest number of vessels with a position_accuracy of 0?
aishub_2021_06_16,True,countries,What is the average vessel length (sum of bow_meters and stern_meters) for each country in the top 5 destination countries?
aishub_2021_06_16,True,countries,"In which country are vessels with a type of ""70"" most commonly found?"
aishub_2021_06_16,True,countries,"What is the proportion of vessels with a device_type of ""10"" in high-income countries compared to low-income countries?"
cell_towers_world,False,,What are the different radio types present in the cell_towers_world table?
cell_towers_world,False,,Which Mobile Country Codes (MCCs) are the most common in the cell_towers_world table?
cell_towers_world,False,,How many cell towers are operating on each network code (net)?
cell_towers_world,False,,What is the average geographical range of cell towers for each radio type?
cell_towers_world,False,,Can you find the top 5 areas with the highest number of cell towers?
cell_towers_world,False,,Which area has the highest average signal strength?
cell_towers_world,False,,"How many cell towers were created before a specific date, for example, January 1, 2015?"
cell_towers_world,False,,What is the distribution of cell towers based on their changeability (1 or 0)?
cell_towers_world,False,,"What are the top 3 countries with the most cell towers, based on their Mobile Country Codes (MCCs)?"
cell_towers_world,False,,In which area do cell towers have the longest average range?
cell_towers_world,True,countries,Which countries have the highest number of cell towers within their borders?
cell_towers_world,True,countries,What is the average signal strength of cell towers in each continent?
cell_towers_world,True,countries,In which country do cell towers have the highest average range?
cell_towers_world,True,countries,How many cell towers are located in countries with a high income: OECD classification?
cell_towers_world,True,countries,"Which countries with a ""Developed region: G7"" economy have the most cell towers?"
cell_towers_world,True,countries,What is the distribution of cell towers across different income group classifications?
cell_towers_world,True,countries,In which subregions are the highest number of cell towers with a changeability of 1 located?
cell_towers_world,True,countries,How many cell towers are there in countries belonging to each region defined by the United Nations?
cell_towers_world,True,countries,What is the average number of cell towers per country in each continent?
cell_towers_world,True,countries,Which countries have the highest and lowest density of cell towers based on their population estimates?
sfmta_buses,False,,How many buses are currently being monitored in the database?
sfmta_buses,False,,What is the most recent timestamp available in the dataset?
sfmta_buses,False,,What is the average speed of all buses in the dataset?
sfmta_buses,False,,"What are the top 5 highest speeds recorded in the dataset, and how many times do they occur?"
sfmta_buses,False,,"Which buses have a predictable status of 1, indicating their locations and speeds can be predicted?"
sfmta_buses,False,,What is the average speed of buses with a predictable status of 1 compared to those with a status of 0?
sfmta_buses,False,,"For buses assigned to the same train assignment, which train assignment has the highest average speed?"
sfmta_buses,False,,In which geographic area (latitude and longitude ranges) do the buses with the highest average speeds operate?
sfmta_buses,False,,What is the percentage of buses with a predictable status of 1 compared to the total number of buses monitored?
sfmta_buses,True,usa_zipcodes,What is the average bus speed for each zipcode in the dataset?
sfmta_buses,True,usa_zipcodes,Which zipcode has the highest number of buses passing through it?
sfmta_buses,True,usa_zipcodes,In which zipcode do buses have the highest average speed?
sfmta_buses,True,usa_zipcodes,What is the total population of zipcodes with buses having an average speed above a certain threshold?
sfmta_buses,True,usa_zipcodes,How does the average speed of buses in zipcodes with a population above a certain threshold compare to those with a population below that threshold?
sfmta_buses,True,usa_zipcodes,What is the proportion of predictable buses in each zipcode in the dataset?
sfmta_buses,True,usa_zipcodes,Which zipcode has the highest percentage of buses with a predictable status of 1?
sfmta_buses,True,usa_zipcodes,In which zipcode is the highest speed recorded for a bus with a predictable status of 1?
sfmta_buses,True,usa_zipcodes,"For zipcodes with more than a certain number of buses, which zipcode has the highest average bus speed?"
sfmta_buses,True,usa_zipcodes,What is the correlation between the total population of a zipcode and the average speed of buses passing through it?
sfmta_buses,False,,How many buses are currently being tracked in the sfmta_buses table?
sfmta_buses,False,,What is the most common train assignment for buses in the sfmta_buses table?
sfmta_buses,False,,What is the average speed of all buses in the sfmta_buses table?
sfmta_buses,False,,"What are the top 5 most common headings for buses in the sfmta_buses table, and how many times do they occur?"
sfmta_buses,False,,What proportion of buses have predictable locations and speeds based on their current data?
sfmta_buses,False,,Which train assignment has the highest average speed among its associated buses?
sfmta_buses,False,,"For buses with a speed greater than 10 mph, which train assignment has the highest occurrence of buses, and what is the average speed for those buses?"
sfmta_buses,False,,What is the maximum and minimum distance between two buses in the same train assignment based on their latitude and longitude?
sfmta_buses,True,usa_census_block_groups_2020,What is the average population density (POP10_SQMI) of census block groups within a 1-mile radius of each bus in the sfmta_buses table?
sfmta_buses,True,usa_census_block_groups_2020,Which census block group has the highest population density within a 2-mile radius of a bus with a speed greater than 10 mph?
sfmta_buses,True,usa_census_block_groups_2020,What is the average household size (AVE_HH_SZ) for census block groups that have at least one bus within a 0.5-mile radius?
sfmta_buses,True,usa_census_block_groups_2020,"What is the proportion of owner-occupied housing units (OWNER_OCC) in census block groups with at least one bus within a 1-mile radius, compared to the total number of housing units (HSE_UNITS)?"
sfmta_buses,True,usa_census_block_groups_2020,"Which train assignment has the highest number of buses located within census block groups with a population density greater than 10,000 people per square mile (POP10_SQMI)?"
sfmta_buses,True,usa_census_block_groups_2020,What is the predominant racial or ethnic group in census block groups within a 1-mile radius of buses with predictable locations and speeds?
sfmta_buses,True,usa_census_block_groups_2020,What is the median age (MED_AGE) in census block groups that have at least one bus within a 0.5-mile radius traveling at a speed greater than 15 mph?
sfmta_buses,True,usa_census_block_groups_2020,"For buses with a speed greater than 10 mph, which train assignment has the highest occurrence of buses within census block groups where the majority of the population is Hispanic?"
craigslist_vehicles,False,,How many vehicles are listed for sale in the craigslist_vehicles table?
craigslist_vehicles,False,,What is the most common manufacturer of vehicles listed in the table?
craigslist_vehicles,False,,What is the average price of vehicles listed for sale?
craigslist_vehicles,False,,"What are the top 5 most frequent car models in the listings, and how many times do they occur?"
craigslist_vehicles,False,,"What is the average odometer reading for vehicles with a ""clean"" title status?"
craigslist_vehicles,False,,Which state has the highest number of vehicle listings?
craigslist_vehicles,False,,What proportion of vehicles have an automatic transmission compared to manual and other types?
craigslist_vehicles,False,,"For vehicles priced below $10,000, which paint color is most common?"
craigslist_vehicles,False,,"What is the average price of vehicles with a ""like new"" condition compared to those with a ""fair"" condition?"
craigslist_vehicles,False,,In which year were the majority of the listed vehicles manufactured?
craigslist_vehicles,True,usa_zipcodes,"What is the average price of vehicles listed for sale in regions with a population greater than 10,000?"
craigslist_vehicles,True,usa_zipcodes,"In which zip code area with a population below 5,000 are the highest number of vehicles listed for sale?"
craigslist_vehicles,True,usa_zipcodes,What is the most common type of vehicle listed in regions with a land area greater than 100 square miles?
craigslist_vehicles,True,usa_zipcodes,"For zip code areas with a population density above 1,000 people per square mile, what is the average year of the vehicles listed?"
craigslist_vehicles,True,usa_zipcodes,What is the most common manufacturer of vehicles listed in regions where the majority of the land is covered by water?
craigslist_vehicles,True,usa_zipcodes,"In regions with a population greater than 50,000, which transmission type is most common among listed vehicles?"
craigslist_vehicles,True,usa_zipcodes,What is the average price of vehicles listed in regions with a population density below 500 people per square mile?
craigslist_vehicles,True,usa_zipcodes,Which state has the highest number of vehicle listings in zip code areas with a land area greater than 200 square miles?
craigslist_vehicles,True,usa_zipcodes,"For zip code areas with a population below 2,000, what is the most common paint color of the vehicles listed?"
craigslist_vehicles,False,,How many vehicles are listed for sale in the craigslist_vehicles table?
craigslist_vehicles,False,,What is the most common manufacturer of vehicles in the listings?
craigslist_vehicles,False,,What is the average price of vehicles listed for sale?
craigslist_vehicles,False,,"What are the top 5 most frequent car models in the listings, and how many times do they occur?"
craigslist_vehicles,False,,What proportion of vehicles have a clean title status?
craigslist_vehicles,False,,"What is the average odometer reading for vehicles with a ""like new"" condition?"
craigslist_vehicles,False,,Which state has the highest number of vehicle listings?
craigslist_vehicles,False,,"What are the top 3 most common paint colors for vehicles listed, and how many times do they occur?"
craigslist_vehicles,False,,"For vehicles with an automatic transmission, which manufacturer has the highest average price?"
craigslist_vehicles,False,,"In which region do listings with a price above $10,000 have the highest occurrence?"
craigslist_vehicles,True,usa_census_block_groups_2020,"In which state are vehicles with a price above $20,000 most commonly listed, based on the proximity to census block groups?"
craigslist_vehicles,True,usa_census_block_groups_2020,What is the average price of vehicles listed for sale in census block groups with a median age above 40?
craigslist_vehicles,True,usa_census_block_groups_2020,Which car manufacturer is most popular in census block groups with a majority Hispanic population?
craigslist_vehicles,True,usa_census_block_groups_2020,What is the average odometer reading for vehicles listed in census block groups with a median household income above a certain threshold?
craigslist_vehicles,True,usa_census_block_groups_2020,In which census block group region with a high population density are vehicles with manual transmission most commonly listed?
craigslist_vehicles,True,usa_census_block_groups_2020,"In which county with a high proportion of owner-occupied housing units are vehicles with a ""like new"" condition most commonly listed?"
craigslist_vehicles,True,usa_census_block_groups_2020,What is the average price of electric vehicles in census block groups with a high proportion of renter-occupied housing units?
craigslist_vehicles,True,usa_census_block_groups_2020,Which car model is most commonly listed in census block groups with a high proportion of people aged 25-34?
craigslist_vehicles,True,usa_census_block_groups_2020,What is the most common paint color for vehicles listed in census block groups with a high proportion of Asian population?
craigslist_vehicles,True,usa_census_block_groups_2020,In which census tract with a low population density are vehicles with all-wheel drive most commonly listed?
us_pois_safegraph,False,,How many Points of Interest are in the dataset?
us_pois_safegraph,False,,What is the most common city for Points of Interest?
us_pois_safegraph,False,,What is the average latitude and longitude of Points of Interest in California?
us_pois_safegraph,False,,Which top 5 brands have the most Points of Interest in the dataset?
us_pois_safegraph,False,,What is the most common top category for Points of Interest in New York City?
us_pois_safegraph,False,,What proportion of Points of Interest have a shared polygon?
us_pois_safegraph,False,,How many Points of Interest have a parking lot available?
us_pois_safegraph,False,,"In Los Angeles, what are the top 3 sub-categories with the highest number of Points of Interest?"
us_pois_safegraph,False,,What are the top 5 postal codes with the highest number of Points of Interest?
us_pois_safegraph,False,,"For Points of Interest with a synthetic location, which region has the highest number of such records?"
us_pois_safegraph,True,usa_census_block_groups_2020,What is the total population of Points of Interest within a 1-mile radius of the geographic center of Los Angeles County?
us_pois_safegraph,True,usa_census_block_groups_2020,How many Points of Interest are located in census block groups with a median age above 40?
us_pois_safegraph,True,usa_census_block_groups_2020,What is the average population density in census block groups containing more than 10 Points of Interest?
us_pois_safegraph,True,usa_census_block_groups_2020,Which census block group has the highest number of Points of Interest per square mile?
us_pois_safegraph,True,usa_census_block_groups_2020,"In Texas, what are the top 3 census block groups with the highest number of Points of Interest and a Hispanic population of more than 50%?"
us_pois_safegraph,True,usa_census_block_groups_2020,What is the total number of Points of Interest in census block groups where the owner-occupied housing units are more than 70% of total housing units?
us_pois_safegraph,True,usa_census_block_groups_2020,"How many Points of Interest are located in census block groups with a median household income below $40,000?"
us_pois_safegraph,True,usa_census_block_groups_2020,"In New York City, which census block group has the highest number of Points of Interest per capita?"
us_pois_safegraph,True,usa_census_block_groups_2020,What is the total population living in census block groups containing at least one Starbucks?
us_pois_safegraph,True,usa_census_block_groups_2020,"Find the top 5 census block groups with the highest number of Points of Interest in census block groups with a population density greater than 10,000 people per square mile."
florida_parcels_2020,False,,How many single-family properties are there in the dataset?
florida_parcels_2020,False,,What are the five most common county names in the dataset?
florida_parcels_2020,False,,What is the average land value of condominium properties?
florida_parcels_2020,False,,What are the top 5 most expensive properties based on their joint value (JV)?
florida_parcels_2020,False,,"In the city of Miami, what is the average total living area of single-family properties?"
florida_parcels_2020,False,,What percentage of properties have a total living area greater than 2000 square feet?
florida_parcels_2020,False,,Which property owner has the highest number of properties in the dataset?
florida_parcels_2020,False,,What is the total number of properties that were sold in the year 2020?
florida_parcels_2020,False,,"For properties with a land value greater than $500,000, what is the most common land usage description?"
florida_parcels_2020,False,,In which county is the largest parcel of land (by acres) located?
florida_parcels_2020,True,usa_zipcodes,"How many properties are located in zip codes with a population greater than 10,000?"
florida_parcels_2020,True,usa_zipcodes,"What is the average land value of properties in zip codes with a population less than 5,000?"
florida_parcels_2020,True,usa_zipcodes,In which zip code are the highest number of single-family properties located?
florida_parcels_2020,True,usa_zipcodes,What is the total living area of properties in the zip code with the highest population?
florida_parcels_2020,True,usa_zipcodes,What are the five most common zip codes for condominium properties?
florida_parcels_2020,True,usa_zipcodes,Which zip code has the highest average joint value (JV) for properties?
florida_parcels_2020,True,usa_zipcodes,What is the average population of zip codes where the total living area of properties is greater than 2000 square feet?
florida_parcels_2020,True,usa_zipcodes,"In zip codes with a population greater than 20,000, what is the most common land usage description for properties?"
florida_parcels_2020,True,usa_zipcodes,"What is the average land value of properties in zip codes with a water area greater than 1,000,000 square feet?"
florida_parcels_2020,True,usa_zipcodes,"In zip codes with a population density greater than 1,000 people per square mile, what is the average total living area of single-family properties?"
florida_parcels_2020,False,,How many counties are represented in the Florida parcels 2020 dataset?
florida_parcels_2020,False,,What is the most common land use description in the dataset?
florida_parcels_2020,False,,What is the average land value for single-family properties?
florida_parcels_2020,False,,What were the top 5 cities with the highest number of condominiums in 2020?
florida_parcels_2020,False,,What is the total living area for residential properties built in 2000 or later?
florida_parcels_2020,False,,Which property has the largest acreage in Miami-Dade County?
florida_parcels_2020,False,,"What percentage of parcels in the dataset have an exemption status of ""HOM""?"
florida_parcels_2020,False,,Which owner has the highest number of vacant residential properties in the dataset?
florida_parcels_2020,False,,"What was the total number of property sales in 2019, and what was the average sale price?"
florida_parcels_2020,False,,"In which city were the most mobile homes located, and what was the average land value for mobile homes in that city?"
florida_parcels_2020,True,usa_census_block_groups_2020,What is the average population density in Florida census block groups that contain single-family homes?
florida_parcels_2020,True,usa_census_block_groups_2020,In which census block group with a population of over 1000 residents is the highest number of vacant residential properties located?
florida_parcels_2020,True,usa_census_block_groups_2020,What is the median age for residents living in census block groups with a majority of condominium properties?
florida_parcels_2020,True,usa_census_block_groups_2020,Which census block group has the highest percentage of Hispanic population and also contains mobile homes?
florida_parcels_2020,True,usa_census_block_groups_2020,"What is the total population for census block groups where the majority of properties have a land value greater than $50,000?"
florida_parcels_2020,True,usa_census_block_groups_2020,In which census block group with more than 50% owner-occupied properties is the highest number of multi-family properties with fewer than 10 units located?
florida_parcels_2020,True,usa_census_block_groups_2020,What is the average household size for census block groups containing primarily vacant residential properties?
florida_parcels_2020,True,usa_census_block_groups_2020,"In census block groups where the majority of residents are aged 65 and older, which type of property is most common?"
florida_parcels_2020,True,usa_census_block_groups_2020,What is the percentage of renter-occupied properties in census block groups with a median age of residents below 30 years?
florida_parcels_2020,True,usa_census_block_groups_2020,Which census block group has the highest number of single-family homes and also the highest population density?
zillow_recent_sales_full_peninsula,False,,How many properties were sold recently in the Peninsula region?
zillow_recent_sales_full_peninsula,False,,What is the most common home type among the recently sold properties?
zillow_recent_sales_full_peninsula,False,,What is the average sale price of recently sold properties in the Peninsula region?
zillow_recent_sales_full_peninsula,False,,What are the top 5 cities with the highest number of recently sold properties?
zillow_recent_sales_full_peninsula,False,,What is the average number of bedrooms in recently sold single-family homes?
zillow_recent_sales_full_peninsula,False,,How many recently sold properties have a 3D model available?
zillow_recent_sales_full_peninsula,False,,In which city is the highest sold price per square foot for recently sold properties?
zillow_recent_sales_full_peninsula,False,,What is the average lot area in acres for recently sold single-family homes?
zillow_recent_sales_full_peninsula,False,,How many recently sold properties are non-owner occupied?
zillow_recent_sales_full_peninsula,False,,What is the percentage of recently sold properties that have video content available?
zillow_recent_sales_full_peninsula,True,usa_census_block_groups_2020,"What is the average sale price of properties in census block groups with a population density greater than 10,000 people per square mile?"
zillow_recent_sales_full_peninsula,True,usa_census_block_groups_2020,"In which census block group were the most properties sold recently, and what is its population?"
zillow_recent_sales_full_peninsula,True,usa_census_block_groups_2020,What is the median household income in census block groups where the average sale price of properties is above $1 million?
zillow_recent_sales_full_peninsula,True,usa_census_block_groups_2020,How many recently sold properties are located in census block groups with a median age above 40 years?
zillow_recent_sales_full_peninsula,True,usa_census_block_groups_2020,"In census block groups with a high percentage of owner-occupied housing units, what is the average sale price of recently sold properties?"
zillow_recent_sales_full_peninsula,True,usa_census_block_groups_2020,What is the average sale price of properties in census block groups where the majority of the population identifies as Hispanic?
zillow_recent_sales_full_peninsula,True,usa_census_block_groups_2020,"How many recently sold properties are located in census block groups with a median age below 30 years and a population density above 5,000 people per square mile?"
zillow_recent_sales_full_peninsula,True,usa_census_block_groups_2020,"In which census block group is the highest average sale price of properties, and what are the population demographics of that block group?"
zillow_recent_sales_full_peninsula,True,usa_census_block_groups_2020,What is the average sale price of properties in census block groups with a poverty rate greater than 20%?
zillow_recent_sales_full_peninsula,True,usa_census_block_groups_2020,How many recently sold properties are located in census block groups where more than 50% of the population has a bachelor's degree or higher?
